impl,seq_len,batch,heads,d_k,dtype,device,causal,torch_version,label,status,latency_ms,timing_iterations,memory_mb,memory_metric,notebook,source_json,metadata_origin,scope,timing_rounds,latency_aggregation,memory_aggregation,cpu_num_threads,dropout_p,grad_enabled,warmup_iterations,block_r,block_c,measured_at_utc,latency_samples_ms,latency_min_ms,latency_max_ms,latency_p25_ms,latency_p75_ms,memory_samples_mb,reason,compute,quantization,input_dtype,mse,relative_l2,cosine_similarity,max_abs_error,d_model,quantized_engine,weight_storage_bytes,baseline_impl,baseline_latency_ms,baseline_memory_mb,speedup,memory_ratio
F.sdpa (auto),128,1,1,64,torch.float32,cuda:0,False,2.11.0+cu128,F.sdpa (auto),ok,2.657217499999831,20,0.032768,incremental_peak_allocated,01,01_benchmark_standard_attention.json,result_json,attention_core,1,mean,single_call,1,0.0,False,,,,,,,,,,,,,,,,,,,,,,simple_attention,2.4448456999998314,0.16384,0.9200773741705325,5.000000000000001
F.sdpa (auto),256,1,1,64,torch.float32,cuda:0,False,2.11.0+cu128,F.sdpa (auto),ok,14.01401724999971,20,0.065536,incremental_peak_allocated,01,01_benchmark_standard_attention.json,result_json,attention_core,1,mean,single_call,1,0.0,False,,,,,,,,,,,,,,,,,,,,,,simple_attention,2.440520799999746,0.589824,0.1741485511586477,9.0
F.sdpa (auto),512,1,1,64,torch.float32,cuda:0,False,2.11.0+cu128,F.sdpa (auto),ok,11.723955249999563,20,0.131072,incremental_peak_allocated,01,01_benchmark_standard_attention.json,result_json,attention_core,1,mean,single_call,1,0.0,False,,,,,,,,,,,,,,,,,,,,,,simple_attention,9.063269600000012,2.228224,0.7730556289866725,17.0
F.sdpa (auto),1024,1,1,64,torch.float32,cuda:0,False,2.11.0+cu128,F.sdpa (auto),ok,12.860636950000526,20,0.262144,incremental_peak_allocated,01,01_benchmark_standard_attention.json,result_json,attention_core,1,mean,single_call,1,0.0,False,,,,,,,,,,,,,,,,,,,,,,simple_attention,344.2470854,8.650752,26.76749889903283,33.00000000000001
F.sdpa (auto),2048,1,1,64,torch.float32,cuda:0,False,2.11.0+cu128,F.sdpa (auto),ok,141.9389951499994,20,0.524288,incremental_peak_allocated,01,01_benchmark_standard_attention.json,result_json,attention_core,1,mean,single_call,1,0.0,False,,,,,,,,,,,,,,,,,,,,,,simple_attention,33.33287889999994,34.07872,0.2348394735694314,65.0
F.sdpa (auto),4096,1,1,64,torch.float32,cuda:0,False,2.11.0+cu128,F.sdpa (auto),ok,695.3891891499993,20,1.048576,incremental_peak_allocated,01,01_benchmark_standard_attention.json,result_json,attention_core,1,mean,single_call,1,0.0,False,,,,,,,,,,,,,,,,,,,,,,simple_attention,915.0843791499994,135.266304,1.3159312704710608,129.0
F.sdpa (default),128,1,4,64,torch.float16,cuda:0,False,2.11.0+cu128,,ok,0.29410850000033406,10,0.068608,incremental_peak_allocated,02,02_benchmark_online_softmax.json,result_json,attention_core,5,median_of_round_means,max_of_rounds,1,0.0,False,5.0,,,2026-10-04T22:56:19.146840+00:00,"[0.29410850000033406, 0.8438251999990598, 0.845769100001803, 0.28475350000007893, 0.28896489999965524]",0.28475350000007893,0.845769100001803,0.28896489999965524,0.8438251999990598,"[0.068608, 0.068608, 0.068608, 0.068608, 0.068608]",,,,,,,,,,,,standard (math),1.719324100000108,1.115136,5.8458837469782585,16.25373134328358
tiled_online,128,1,4,64,torch.float16,cuda:0,False,2.11.0+cu128,,ok,33.89079350000088,10,0.695296,incremental_peak_allocated,02,02_benchmark_online_softmax.json,result_json,attention_core,5,median_of_round_means,max_of_rounds,1,0.0,False,5.0,32.0,32.0,2026-10-04T22:56:19.146840+00:00,"[33.923500200000944, 33.42324200000064, 33.72746189999987, 35.08696920000034, 33.89079350000088]",33.42324200000064,35.08696920000034,33.72746189999987,33.923500200000944,"[0.695296, 0.695296, 0.695296, 0.695296, 0.695296]",,,,,,,,,,,,standard (math),1.719324100000108,1.115136,0.05073130258812215,1.6038291605301913
F.sdpa (default),256,1,4,64,torch.float16,cuda:0,False,2.11.0+cu128,,ok,0.481096300001127,10,0.136192,incremental_peak_allocated,02,02_benchmark_online_softmax.json,result_json,attention_core,5,median_of_round_means,max_of_rounds,1,0.0,False,5.0,,,2026-10-04T22:56:19.146840+00:00,"[0.4643269999974109, 0.46512429999836513, 1.028220099999544, 0.481096300001127, 1.0305494999983011]",0.4643269999974109,1.0305494999983011,0.46512429999836513,1.028220099999544,"[0.136192, 0.136192, 0.136192, 0.136192, 0.136192]",,,,,,,,,,,,standard (math),3.002560499999163,3.409408,6.241080008289669,25.033834586466163
tiled_online,256,1,4,64,torch.float16,cuda:0,False,2.11.0+cu128,,ok,134.04066600000135,10,1.256448,incremental_peak_allocated,02,02_benchmark_online_softmax.json,result_json,attention_core,5,median_of_round_means,max_of_rounds,1,0.0,False,5.0,32.0,32.0,2026-10-04T22:56:19.146840+00:00,"[133.9581710999994, 134.04066600000135, 132.94894889999966, 134.12255570000013, 134.71534669999983]",132.94894889999966,134.71534669999983,133.9581710999994,134.12255570000013,"[1.256448, 1.256448, 1.256448, 1.256448, 1.256448]",,,,,,,,,,,,standard (math),3.002560499999163,3.409408,0.022400369899677555,2.713528932355338
F.sdpa (default),512,1,4,64,torch.float16,cuda:0,False,2.11.0+cu128,,ok,0.8756317000006675,10,0.27136,incremental_peak_allocated,02,02_benchmark_online_softmax.json,result_json,attention_core,5,median_of_round_means,max_of_rounds,1,0.0,False,5.0,,,2026-10-04T22:56:19.146840+00:00,"[1.327548499997988, 0.8510019999988572, 0.8594352999978128, 0.8756317000006675, 1.3318416000004163]",0.8510019999988572,1.3318416000004163,0.8594352999978128,1.327548499997988,"[0.27136, 0.27136, 0.27136, 0.27136, 0.27136]",,,,,,,,,,,,standard (math),6.2678209000011975,11.536896,7.1580561781813286,42.51509433962264
tiled_online,512,1,4,64,torch.float16,cuda:0,False,2.11.0+cu128,,ok,557.7339090999999,10,2.444288,incremental_peak_allocated,02,02_benchmark_online_softmax.json,result_json,attention_core,5,median_of_round_means,max_of_rounds,1,0.0,False,5.0,32.0,32.0,2026-10-04T22:56:19.146840+00:00,"[534.0523762000004, 557.7339090999999, 536.3729785999993, 2219.4336888999997, 606.5879123000002]",534.0523762000004,2219.4336888999997,536.3729785999993,606.5879123000002,"[2.444288, 2.444288, 2.444288, 2.444288, 2.444288]",,,,,,,,,,,,standard (math),6.2678209000011975,11.536896,0.01123801296233792,4.719941348973608
F.sdpa (default),1024,1,4,64,torch.float16,cuda:0,False,2.11.0+cu128,,ok,3.4986540999966564,10,0.541696,incremental_peak_allocated,02,02_benchmark_online_softmax.json,result_json,attention_core,5,median_of_round_means,max_of_rounds,1,0.0,False,5.0,,,2026-10-04T22:56:19.146840+00:00,"[3.497060600000168, 3.4986540999966564, 3.4782796999991206, 15.90682560000687, 14.09446709999429]",3.4782796999991206,15.90682560000687,3.497060600000168,14.09446709999429,"[0.541696, 0.541696, 0.541696, 0.541696, 0.541696]",,,,,,,,,,,,standard (math),29.94223040000179,41.947648,8.558213971489895,77.43761814744802
tiled_online,1024,1,4,64,torch.float16,cuda:0,False,2.11.0+cu128,,ok,4016.9204654999985,10,4.819968,incremental_peak_allocated,02,02_benchmark_online_softmax.json,result_json,attention_core,5,median_of_round_means,max_of_rounds,1,0.0,False,5.0,32.0,32.0,2026-10-04T22:56:19.146840+00:00,"[4016.9204654999985, 2427.073773799998, 2550.9891174000018, 5705.851100600001, 5642.397751700002]",2427.073773799998,5705.851100600001,2550.9891174000018,5642.397751700002,"[4.819968, 4.819968, 4.819968, 4.819968, 4.819968]",,,,,,,,,,,,standard (math),29.94223040000179,41.947648,0.007454026201704939,8.702889313787976
Flash (forced),256,1,8,64,torch.float16,cuda:0,False,2.11.0+cu128,,ok,0.0776587499984771,20,0.27136,incremental_peak_allocated,03,03_benchmark_flash_attention.json,result_json,attention_core,1,mean,single_call,1,0.0,False,,,,,,,,,,,,,,,,,,,,,,standard (math),0.36592010000049413,6.818304,4.711897886685915,25.126415094339624
PyTorch SDPA (auto),256,1,8,64,torch.float16,cuda:0,False,2.11.0+cu128,,ok,0.025712199999361474,20,0.27136,incremental_peak_allocated,03,03_benchmark_flash_attention.json,result_json,attention_core,1,mean,single_call,1,0.0,False,,,,,,,,,,,,,,,,,,,,,,standard (math),0.36592010000049413,6.818304,14.231380434563407,25.126415094339624
flash_sim (py),256,1,8,64,torch.float16,cuda:0,False,2.11.0+cu128,,ok,10.410071399999765,20,2.912256,incremental_peak_allocated,03,03_benchmark_flash_attention.json,result_json,attention_core,1,mean,single_call,1,0.0,False,,,,,,,,,,,,,,,,,,,,,,standard (math),0.36592010000049413,6.818304,0.03515058503830266,2.3412447257383966
Flash (forced),512,1,8,64,torch.float16,cuda:0,False,2.11.0+cu128,,ok,0.06180825000114964,20,0.541696,incremental_peak_allocated,03,03_benchmark_flash_attention.json,result_json,attention_core,1,mean,single_call,1,0.0,False,,,,,,,,,,,,,,,,,,,,,,standard (math),0.44099840000058066,23.07328,7.134943959623158,42.594517958412105
PyTorch SDPA (auto),512,1,8,64,torch.float16,cuda:0,False,2.11.0+cu128,,ok,0.03814714999919033,20,0.541696,incremental_peak_allocated,03,03_benchmark_flash_attention.json,result_json,attention_core,1,mean,single_call,1,0.0,False,,,,,,,,,,,,,,,,,,,,,,standard (math),0.44099840000058066,23.07328,11.56045471312905,42.594517958412105
flash_sim (py),512,1,8,64,torch.float16,cuda:0,False,2.11.0+cu128,,ok,42.88980640000091,20,5.156864,incremental_peak_allocated,03,03_benchmark_flash_attention.json,result_json,attention_core,1,mean,single_call,1,0.0,False,,,,,,,,,,,,,,,,,,,,,,standard (math),0.44099840000058066,23.07328,0.010282126151088696,4.474285146942018
Flash (forced),1024,1,8,64,torch.float16,cuda:0,False,2.11.0+cu128,,ok,0.2104585500006806,20,1.082368,incremental_peak_allocated,03,03_benchmark_flash_attention.json,result_json,attention_core,1,mean,single_call,1,0.0,False,,,,,,,,,,,,,,,,,,,,,,standard (math),1.4506190500014782,83.894784,6.892659148306339,77.51040681173131
PyTorch SDPA (auto),1024,1,8,64,torch.float16,cuda:0,False,2.11.0+cu128,,ok,0.20836364999752277,20,1.082368,incremental_peak_allocated,03,03_benchmark_flash_attention.json,result_json,attention_core,1,mean,single_call,1,0.0,False,,,,,,,,,,,,,,,,,,,,,,standard (math),1.4506190500014782,83.894784,6.961958335912835,77.51040681173131
flash_sim (py),1024,1,8,64,torch.float16,cuda:0,False,2.11.0+cu128,,ok,170.1942699,20,9.908224,incremental_peak_allocated,03,03_benchmark_flash_attention.json,result_json,attention_core,1,mean,single_call,1,0.0,False,,,,,,,,,,,,,,,,,,,,,,standard (math),1.4506190500014782,83.894784,0.008523313098929884,8.46718685407193
Flash (forced),2048,1,8,64,torch.float16,cuda:0,False,2.11.0+cu128,,ok,0.660261049998212,20,2.163712,incremental_peak_allocated,03,03_benchmark_flash_attention.json,result_json,attention_core,1,mean,single_call,1,0.0,False,,,,,,,,,,,,,,,,,,,,,,standard (math),9.887291649999952,318.784,14.974821928427744,147.33199242782774
PyTorch SDPA (auto),2048,1,8,64,torch.float16,cuda:0,False,2.11.0+cu128,,ok,0.9912054500006208,20,2.163712,incremental_peak_allocated,03,03_benchmark_flash_attention.json,result_json,attention_core,1,mean,single_call,1,0.0,False,,,,,,,,,,,,,,,,,,,,,,standard (math),9.887291649999952,318.784,9.975017439617346,147.33199242782774
Flash (forced),4096,1,8,64,torch.float16,cuda:0,False,2.11.0+cu128,,ok,1.993301749999432,20,4.3264,incremental_peak_allocated,03,03_benchmark_flash_attention.json,result_json,attention_core,1,mean,single_call,1,0.0,False,,,,,,,,,,,,,,,,,,,,,,standard (math),39.01844604999951,1241.547264,19.574781414811195,286.97005917159765
PyTorch SDPA (auto),4096,1,8,64,torch.float16,cuda:0,False,2.11.0+cu128,,ok,2.5053047000000106,20,4.3264,incremental_peak_allocated,03,03_benchmark_flash_attention.json,result_json,attention_core,1,mean,single_call,1,0.0,False,,,,,,,,,,,,,,,,,,,,,,standard (math),39.01844604999951,1241.547264,15.574331557354819,286.97005917159765
int8_qdq_fp32_compute,64,1,2,32,torch.float32,cuda:0,False,2.11.0+cu128,,ok,4.490702000001079,20,0.114688,incremental_peak_allocated,04,04_benchmark_quantization.json,result_json,attention_core,1,mean,single_call,1,0.0,False,,,,,,,,,,,,fp32,qdq_int8,torch.float32,3.5338672780374603e-06,0.009930184619025263,0.9999507073142259,0.008204638957977295,,,,fp32_explicit,0.31318654999950013,0.065536,0.06974111174587512,0.5714285714285714
sdpa_auto_fp32,64,1,2,32,torch.float32,cuda:0,False,2.11.0+cu128,,ok,0.12541235000185225,20,0.016384,incremental_peak_allocated,04,04_benchmark_quantization.json,result_json,attention_core,1,mean,single_call,1,0.0,False,,,,,,,,,,,,fp32,none,torch.float32,2.0462490939587755e-14,7.556339385538615e-07,0.9999999999998511,1.0579824447631836e-06,,,,fp32_explicit,0.31318654999950013,0.065536,2.497254456956389,4.0
int8_qdq_fp32_compute,128,1,2,32,torch.float32,cuda:0,False,2.11.0+cu128,,ok,2.5511612000002515,20,0.360448,incremental_peak_allocated,04,04_benchmark_quantization.json,result_json,attention_core,1,mean,single_call,1,0.0,False,,,,,,,,,,,,fp32,qdq_int8,torch.float32,1.929279272574892e-06,0.009402543786618544,0.9999559108758124,0.0061740875244140625,,,,fp32_explicit,0.17919940000012957,0.262144,0.0702422881000667,0.7272727272727273
sdpa_auto_fp32,128,1,2,32,torch.float32,cuda:0,False,2.11.0+cu128,,ok,0.10496385000067221,20,0.032768,incremental_peak_allocated,04,04_benchmark_quantization.json,result_json,attention_core,1,mean,single_call,1,0.0,False,,,,,,,,,,,,fp32,none,torch.float32,1.2499627875720443e-14,7.568265469977736e-07,0.9999999999998542,1.1920928955078125e-06,,,,fp32_explicit,0.17919940000012957,0.262144,1.7072487337210092,8.0
int8_qdq_fp32_compute,256,1,2,32,torch.float32,cuda:0,False,2.11.0+cu128,,ok,2.763360049999619,20,1.245184,incremental_peak_allocated,04,04_benchmark_quantization.json,result_json,attention_core,1,mean,single_call,1,0.0,False,,,,,,,,,,,,fp32,qdq_int8,torch.float32,9.732953727416125e-07,0.009298666541444098,0.9999567666728562,0.004843920469284058,,,,fp32_explicit,0.16631889999985106,1.048576,0.060187198551949095,0.8421052631578947
sdpa_auto_fp32,256,1,2,32,torch.float32,cuda:0,False,2.11.0+cu128,,ok,0.13401205000036498,20,0.065536,incremental_peak_allocated,04,04_benchmark_quantization.json,result_json,attention_core,1,mean,single_call,1,0.0,False,,,,,,,,,,,,fp32,none,torch.float32,7.194578033902744e-15,7.994678584105577e-07,0.9999999999998296,1.043081283569336e-06,,,,fp32_explicit,0.16631889999985106,1.048576,1.2410742168289948,16.0
int8_qdq_fp32_compute,512,1,2,32,torch.float32,cuda:0,False,2.11.0+cu128,,ok,2.700490449998938,20,4.58752,incremental_peak_allocated,04,04_benchmark_quantization.json,result_json,attention_core,1,mean,single_call,1,0.0,False,,,,,,,,,,,,fp32,qdq_int8,torch.float32,5.16754534200207e-07,0.009449802080344422,0.9999554272291429,0.004948288202285767,,,,fp32_explicit,0.2992148499998848,4.194304,0.11080018816582093,0.9142857142857144
sdpa_auto_fp32,512,1,2,32,torch.float32,cuda:0,False,2.11.0+cu128,,ok,0.26083049999954255,20,0.131072,incremental_peak_allocated,04,04_benchmark_quantization.json,result_json,attention_core,1,mean,single_call,1,0.0,False,,,,,,,,,,,,fp32,none,torch.float32,4.510626443603044e-15,8.828745449799411e-07,0.999999999999765,6.854534149169922e-07,,,,fp32_explicit,0.2992148499998848,4.194304,1.1471620458512695,32.0
dynamic_int8,64,1,4,32,torch.float32,cpu,False,2.11.0+cu128,,ok,0.2888861999991832,20,,incremental_peak_allocated,04,04_benchmark_quantization.json,result_json,qkv_projection,1,mean,single_call,1,0.0,False,,,,,,,,,,,,int8_linear,dynamic_int8,torch.float32,0.00010490839201726287,0.017582684817761412,0.9998455605894909,0.04382231831550598,128,x86,49200.0,fp32,0.311332950002452,,1.077701011690182,
dynamic_int8,128,1,4,32,torch.float32,cpu,False,2.11.0+cu128,,ok,0.4686411999983875,20,,incremental_peak_allocated,04,04_benchmark_quantization.json,result_json,qkv_projection,1,mean,single_call,1,0.0,False,,,,,,,,,,,,int8_linear,dynamic_int8,torch.float32,0.00010536856958551519,0.017735295522332543,0.9998428874383215,0.04426433891057968,128,x86,49200.0,fp32,0.6496997499993995,,1.386347913929964,
dynamic_int8,256,1,4,32,torch.float32,cpu,False,2.11.0+cu128,,ok,0.5768076500004327,20,,incremental_peak_allocated,04,04_benchmark_quantization.json,result_json,qkv_projection,1,mean,single_call,1,0.0,False,,,,,,,,,,,,int8_linear,dynamic_int8,torch.float32,0.0001315987208248519,0.019991396725625624,0.9998001874642773,0.05322769284248352,128,x86,49200.0,fp32,0.6361666500026786,,1.1029095227884051,
dynamic_int8,512,1,4,32,torch.float32,cpu,False,2.11.0+cu128,,ok,0.5910497000002124,20,,incremental_peak_allocated,04,04_benchmark_quantization.json,result_json,qkv_projection,1,mean,single_call,1,0.0,False,,,,,,,,,,,,int8_linear,dynamic_int8,torch.float32,0.00014316204080185287,0.020680839427859445,0.9997863117203376,0.05471956729888916,128,x86,49200.0,fp32,1.1283893499978603,,1.9091276926415068,
dynamic_int8,64,1,4,32,torch.float32,cpu,False,2.11.0+cu128,,ok,0.4672100000021828,20,,incremental_peak_allocated,04,04_benchmark_quantization.json,result_json,mha_layer,1,mean,single_call,1,0.0,False,,,,,,,,,,,,int8_linear_float_sdpa,dynamic_int8,torch.float32,1.3943967064838712e-06,0.020813228191186715,0.9997865830229918,0.005106978118419647,128,x86,65600.0,fp32,0.4481705000017655,,0.9592485177964334,
dynamic_int8,128,1,4,32,torch.float32,cpu,False,2.11.0+cu128,,ok,0.780558949998067,20,,incremental_peak_allocated,04,04_benchmark_quantization.json,result_json,mha_layer,1,mean,single_call,1,0.0,False,,,,,,,,,,,,int8_linear_float_sdpa,dynamic_int8,torch.float32,6.642277177768016e-07,0.021666629743045094,0.9997710096574921,0.003280114382505417,128,x86,65600.0,fp32,0.7570497999978443,,0.9698816469911966,
dynamic_int8,256,1,4,32,torch.float32,cpu,False,2.11.0+cu128,,ok,1.3840163499992286,20,,incremental_peak_allocated,04,04_benchmark_quantization.json,result_json,mha_layer,1,mean,single_call,1,0.0,False,,,,,,,,,,,,int8_linear_float_sdpa,dynamic_int8,torch.float32,4.3490824413988644e-07,0.02982476536534288,0.9995560393319772,0.0026109497994184494,128,x86,65600.0,fp32,1.5187584499983586,,1.097355858548351,
dynamic_int8,512,1,4,32,torch.float32,cpu,False,2.11.0+cu128,,ok,4.143968799999698,20,,incremental_peak_allocated,04,04_benchmark_quantization.json,result_json,mha_layer,1,mean,single_call,1,0.0,False,,,,,,,,,,,,int8_linear_float_sdpa,dynamic_int8,torch.float32,2.6338355347054977e-07,0.029627761799440527,0.9995653864819856,0.0025331731885671616,128,x86,65600.0,fp32,4.448340649997817,,1.0734493584985827,
