experiment,targets,bits,granularity,causal,renormalize_A,seq_len,d_k,device,mse,relative_l2,cosine_similarity,max_abs_error,scale_shape,scale_count,encoded_storage_bytes,impl,clipping_fraction,d_model,distribution
target_ablation,Q,8.0,token,False,False,65.0,32.0,cuda,8.694831763063911e-07,0.004822737393754722,0.9999883893251311,0.004886816255748272,,,,,,,
target_ablation,K,8.0,token,False,False,65.0,32.0,cuda,9.547535219004079e-07,0.0050536906890444894,0.9999872348610549,0.008159935474395752,,,,,,,
target_ablation,V,8.0,token,False,False,65.0,32.0,cuda,1.0417780658857573e-06,0.005278987425922099,0.9999860660865746,0.004024624824523926,,,,,,,
target_ablation,Q+K+V,8.0,token,False,False,65.0,32.0,cuda,2.859273658831616e-06,0.008745625665944808,0.9999617617522298,0.01390761137008667,,,,,,,
target_ablation,A,8.0,token,False,False,65.0,32.0,cuda,9.756542164488436e-07,0.0051087068880864535,0.9999869516378084,0.0063201189041137695,,,,,,,
target_ablation,A,8.0,token,False,True,65.0,32.0,cuda,9.870300469001715e-07,0.005138403557145879,0.9999867996209183,0.006388500332832336,,,,,,,
target_ablation,Q,8.0,token,True,False,65.0,32.0,cuda,1.4657689166717735e-06,0.003334568139737436,0.9999944406019956,0.010278701782226562,,,,,,,
target_ablation,K,8.0,token,True,False,65.0,32.0,cuda,1.7582141018090105e-06,0.003652100515848361,0.9999933348085358,0.00830233097076416,,,,,,,
target_ablation,V,8.0,token,True,False,65.0,32.0,cuda,3.847100037948026e-06,0.005402236368498034,0.9999854129353496,0.010223627090454102,,,,,,,
target_ablation,Q+K+V,8.0,token,True,False,65.0,32.0,cuda,7.136541293865594e-06,0.007357846681928501,0.9999729307348365,0.013836413621902466,,,,,,,
target_ablation,A,8.0,token,True,False,65.0,32.0,cuda,1.0374273049341094e-06,0.002805341133861347,0.9999960763720601,0.005715787410736084,,,,,,,
target_ablation,A,8.0,token,True,True,65.0,32.0,cuda,1.0373876887795054e-06,0.00280528756967976,0.9999960651740183,0.006008803844451904,,,,,,,
granularity,,8.0,tensor,,,,,cuda,0.004532761057252893,0.028405869905855564,0.9995966198473973,0.11802554130554199,"[1, 1, 1, 1]",1.0,4168.0,,,,
granularity,,8.0,head,,,,,cuda,0.002724326886068504,0.022021976199411823,0.9997574909997466,0.11802554130554199,"[1, 2, 1, 1]",2.0,4176.0,,,,
granularity,,8.0,channel,,,,,cuda,0.0002659609177695308,0.0068807470433450545,0.9999763514247015,0.11653011292219162,"[1, 2, 1, 32]",64.0,4672.0,,,,
granularity,,8.0,token,,,,,cuda,0.0002473974819892052,0.006636274141850924,0.9999779839164394,0.11571717262268066,"[1, 2, 65, 1]",130.0,5200.0,,,,
calibration_shift,,8.0,,,,,,cuda,1.561296544062416,0.44490082061820646,0.9068502444198456,41.843101263046265,,,,static_minmax,0.164306640625,,
calibration_shift,,8.0,,,,,,cuda,1.6584050218883961,0.45852794584270296,0.9023753199749805,42.02852272987366,,,,static_percentile,0.184814453125,,
calibration_shift,,8.0,,,,,,cuda,0.010643804063274103,0.036734061032198874,0.9993251680772309,0.17846739292144775,,,,dynamic_minmax,0.0,,
dynamic_int8_mha,,,,False,,65.0,,cpu,1.4671445752380964e-06,0.02864071776858944,0.999592811060615,0.00424671545624733,,,,,,128.0,
dynamic_int8_mha,,,,True,,65.0,,cpu,1.624466057760512e-05,0.04089622152415859,0.9991645247483325,0.020993057638406754,,,,,,128.0,
bitwidth_sweep,,4.0,tensor,False,,65.0,32.0,cuda,0.002258974154088131,0.2535189142023873,0.9693683018720302,0.19862288236618042,,,,,,,normal
bitwidth_sweep,,4.0,channel,False,,65.0,32.0,cuda,0.001191542449763019,0.18412361569605393,0.9840307963363647,0.154707133769989,,,,,,,normal
bitwidth_sweep,,4.0,token,False,,65.0,32.0,cuda,0.0010185434909565725,0.1702333023209825,0.9857505369711478,0.1501246690750122,,,,,,,normal
bitwidth_sweep,,6.0,tensor,False,,65.0,32.0,cuda,0.00011634399726200973,0.057534285697839554,0.99834632360561,0.06384958326816559,,,,,,,normal
bitwidth_sweep,,6.0,channel,False,,65.0,32.0,cuda,5.6687126306413605e-05,0.0401603006949878,0.999194096113131,0.038479968905448914,,,,,,,normal
bitwidth_sweep,,6.0,token,False,,65.0,32.0,cuda,4.9315094813383684e-05,0.037458007421789105,0.9993086365515912,0.030835270881652832,,,,,,,normal
bitwidth_sweep,,8.0,tensor,False,,65.0,32.0,cuda,6.577443806709874e-06,0.013679912148168546,0.9999064385036288,0.013721540570259094,,,,,,,normal
bitwidth_sweep,,8.0,channel,False,,65.0,32.0,cuda,3.5241400521162988e-06,0.010013394229986632,0.9999499100236495,0.010651946067810059,,,,,,,normal
bitwidth_sweep,,8.0,token,False,,65.0,32.0,cuda,3.0342906917798168e-06,0.009291446435341582,0.9999571706673657,0.009916186332702637,,,,,,,normal
bitwidth_sweep,,4.0,tensor,True,,65.0,32.0,cuda,0.00577004226269937,0.2293321072135348,0.9753194677019142,0.4334445297718048,,,,,,,normal
bitwidth_sweep,,4.0,channel,True,,65.0,32.0,cuda,0.0027163423435650857,0.15735031487701093,0.9880785446025349,0.293255478143692,,,,,,,normal
bitwidth_sweep,,4.0,token,True,,65.0,32.0,cuda,0.0020072731950602778,0.135262872811478,0.9909096363777468,0.21873951703310013,,,,,,,normal
bitwidth_sweep,,6.0,tensor,True,,65.0,32.0,cuda,0.00027396975181996776,0.04997199325129949,0.998750989043939,0.11093032360076904,,,,,,,normal
bitwidth_sweep,,6.0,channel,True,,65.0,32.0,cuda,0.00013871375293103303,0.03555781985892274,0.9993730916852855,0.06959378719329834,,,,,,,normal
bitwidth_sweep,,6.0,token,True,,65.0,32.0,cuda,0.00011031570332972792,0.031709838752712945,0.9994995938558803,0.046375125646591187,,,,,,,normal
bitwidth_sweep,,8.0,tensor,True,,65.0,32.0,cuda,1.5112964099128695e-05,0.011736813127418288,0.999931123070293,0.022440701723098755,,,,,,,normal
bitwidth_sweep,,8.0,channel,True,,65.0,32.0,cuda,9.030858349818419e-06,0.009072769546234939,0.9999588821641727,0.020402252674102783,,,,,,,normal
bitwidth_sweep,,8.0,token,True,,65.0,32.0,cuda,6.446588119847692e-06,0.007665497145411943,0.9999707611830722,0.016136109828948975,,,,,,,normal
bitwidth_sweep,,4.0,tensor,False,,65.0,32.0,cuda,0.03097780012816704,0.5740603143959488,0.8493576521300884,1.203649491071701,,,,,,,outlier
bitwidth_sweep,,4.0,channel,False,,65.0,32.0,cuda,0.002458524475288077,0.16172214983026267,0.9870626023421728,0.2296069860458374,,,,,,,outlier
bitwidth_sweep,,4.0,token,False,,65.0,32.0,cuda,0.0038068125689830097,0.2012393867143993,0.9796038250496335,0.6551037430763245,,,,,,,outlier
bitwidth_sweep,,6.0,tensor,False,,65.0,32.0,cuda,0.0028801957136171306,0.17504239130164218,0.9849338272779568,0.38095396757125854,,,,,,,outlier
bitwidth_sweep,,6.0,channel,False,,65.0,32.0,cuda,0.00013551132172584542,0.03796820174110325,0.9992845780972279,0.11163592338562012,,,,,,,outlier
bitwidth_sweep,,6.0,token,False,,65.0,32.0,cuda,0.0002583757748145947,0.052427377461573776,0.9986443131689023,0.2098073959350586,,,,,,,outlier
bitwidth_sweep,,8.0,tensor,False,,65.0,32.0,cuda,0.00014818061167580184,0.039703421052259665,0.9992118995549242,0.07950761914253235,,,,,,,outlier
bitwidth_sweep,,8.0,channel,False,,65.0,32.0,cuda,8.76774458530823e-06,0.009657754973912662,0.9999549816220817,0.02866196632385254,,,,,,,outlier
bitwidth_sweep,,8.0,token,False,,65.0,32.0,cuda,2.9566370536768123e-05,0.017735002152475577,0.9998430197984506,0.07304495573043823,,,,,,,outlier
bitwidth_sweep,,4.0,tensor,True,,65.0,32.0,cuda,0.05333334939438586,0.5539129717401265,0.8533228468269844,1.4637696593999863,,,,,,,outlier
bitwidth_sweep,,4.0,channel,True,,65.0,32.0,cuda,0.00430023498203642,0.15728532362917497,0.9878268038540388,0.5305111259222031,,,,,,,outlier
bitwidth_sweep,,4.0,token,True,,65.0,32.0,cuda,0.00661198337711391,0.1950329469059661,0.9811025534590823,0.8769422471523285,,,,,,,outlier
bitwidth_sweep,,6.0,tensor,True,,65.0,32.0,cuda,0.004744470056942615,0.16520985933019644,0.9864728782575151,0.4542199969291687,,,,,,,outlier
bitwidth_sweep,,6.0,channel,True,,65.0,32.0,cuda,0.00022471920628789246,0.03595524086972381,0.9993580170742155,0.08295536041259766,,,,,,,outlier
bitwidth_sweep,,6.0,token,True,,65.0,32.0,cuda,0.0003694334412755788,0.046100985466488914,0.9989408862791106,0.2977128326892853,,,,,,,outlier
bitwidth_sweep,,8.0,tensor,True,,65.0,32.0,cuda,0.0002763917323033652,0.039875361226125366,0.9992061814248506,0.12492448091506958,,,,,,,outlier
bitwidth_sweep,,8.0,channel,True,,65.0,32.0,cuda,1.401051304377417e-05,0.008977783450846205,0.9999605352806649,0.020402252674102783,,,,,,,outlier
bitwidth_sweep,,8.0,token,True,,65.0,32.0,cuda,2.515342765395733e-05,0.01202930935582504,0.999927784644902,0.06452891230583191,,,,,,,outlier
