scope,seq_len,batch,heads,d_k,impl,data_bytes,metric,device,d_model
qkv_encoded_data,64.0,1.0,2.0,32.0,fp32,49152,tensor_data_bytes_excluding_allocator,,
qkv_encoded_data,64.0,1.0,2.0,32.0,fp16,24576,tensor_data_bytes_excluding_allocator,,
qkv_encoded_data,64.0,1.0,2.0,32.0,int8_with_params,15360,tensor_data_bytes_excluding_allocator,,
qkv_encoded_data,128.0,1.0,2.0,32.0,fp32,98304,tensor_data_bytes_excluding_allocator,,
qkv_encoded_data,128.0,1.0,2.0,32.0,fp16,49152,tensor_data_bytes_excluding_allocator,,
qkv_encoded_data,128.0,1.0,2.0,32.0,int8_with_params,30720,tensor_data_bytes_excluding_allocator,,
qkv_encoded_data,256.0,1.0,2.0,32.0,fp32,196608,tensor_data_bytes_excluding_allocator,,
qkv_encoded_data,256.0,1.0,2.0,32.0,fp16,98304,tensor_data_bytes_excluding_allocator,,
qkv_encoded_data,256.0,1.0,2.0,32.0,int8_with_params,61440,tensor_data_bytes_excluding_allocator,,
qkv_encoded_data,512.0,1.0,2.0,32.0,fp32,393216,tensor_data_bytes_excluding_allocator,,
qkv_encoded_data,512.0,1.0,2.0,32.0,fp16,196608,tensor_data_bytes_excluding_allocator,,
qkv_encoded_data,512.0,1.0,2.0,32.0,int8_with_params,122880,tensor_data_bytes_excluding_allocator,,
qkv_encoded_data,1024.0,1.0,2.0,32.0,fp32,786432,tensor_data_bytes_excluding_allocator,,
qkv_encoded_data,1024.0,1.0,2.0,32.0,fp16,393216,tensor_data_bytes_excluding_allocator,,
qkv_encoded_data,1024.0,1.0,2.0,32.0,int8_with_params,245760,tensor_data_bytes_excluding_allocator,,
four_projection_weights,,,,,mha_fp32,262144,weight_data_and_qparams_excluding_packing,cpu,128.0
four_projection_weights,,,,,mha_dynamic_int8,65600,weight_data_and_qparams_excluding_packing,cpu,128.0
